1101,Giraldo,451,1001,gwhinney0@va.gov,2022-04-08
1102,Karel,406,1002,kboyan1@goodreads.com,2022-04-05
1103,Bendick,487,1003,bcrabbe2@nasa.gov,2022-01-29
1104,Donal,494,1004,dcockcroft3@blogspot.com,2022-07-20
1105,Quincey,413,1005,qsherington4@ox.ac.uk,2022-02-22
1106,Ansell,439,1006,abellringer5@yellowpages.com,2022-10-18
1107,Sauncho,498,1007,swilber6@wunderground.com,2022-04-06
1108,Cy,456,1008,cdutnell7@pen.io,2022-01-12
1109,Rayner,467,1009,rbeckson8@blogspot.com,2022-07-02
1110,Maximilien,450,1010,mlawfull9@surveymonkey.com,2022-01-04
